{
	"orders": [
		{
			"name": "Moshe Conley",
			"class": "1R",
			"order": [
				{"done": false, "index": [1, 3]},
				{"done": false, "index": [1, 3]},
				{"done": false, "index": [2, 0]},
				{"done": false, "index": [0, 0]},
				{"done": false, "index": [0, 0]}
			],
			"time": "1124"
		},
		{
			"name": "Iyla Webb",
			"class": "3L",
			"order": [
				{"done": false, "index": [1, 1]},
				{"done": false, "index": [0, 3]}
			],
			"time": "1319"
		},
		{
			"name": "Elise Henry",
			"class": "PA",
			"order": [
				{"done": false, "index": [0, 1]},
				{"done": false, "index": [1, 2]},
				{"done": false, "index": [0, 1]},
				{"done": false, "index": [0, 1]},
				{"done": false, "index": [1, 3]},
				{"done": false, "index": [0, 0]}
			],
			"time": "1544"
		},
		{
			"name": "Zachariah Shah",
			"class": "4H",
			"order": [
				{"done": false, "index": [0, 1]},
				{"done": false, "index": [1, 2]},
				{"done": false, "index": [1, 2]},
				{"done": false, "index": [0, 2]},
				{"done": false, "index": [1, 3]}
			],
			"time": "1343"
		},
		{
			"name": "Lorenzo Jimenez",
			"class": "4R",
			"order": [
				{"done": false, "index": [0, 2]},
				{"done": false, "index": [2, 2]}
			],
			"time": "1028"
		},
		{"name": "Jaime Grimes", "class": "4D", "order": [{"done": false, "index": [2, 1]}], "time": "1328"},
		{"name": "Kehlani Woodward", "class": "2A", "order": [{"done": false, "index": [1, 1]}], "time": "1413"},
		{
			"name": "Gianna Travis",
			"class": "4F",
			"order": [
				{"done": false, "index": [1, 1]},
				{"done": false, "index": [0, 0]},
				{"done": false, "index": [0, 0]},
				{"done": false, "index": [1, 2]},
				{"done": false, "index": [1, 0]},
				{"done": false, "index": [2, 3]}
			],
			"time": "1452"
		},
		{
			"name": "Henrik West",
			"class": "3J",
			"order": [
				{"done": false, "index": [1, 1]},
				{"done": false, "index": [1, 0]},
				{"done": false, "index": [0, 0]},
				{"done": false, "index": [0, 0]},
				{"done": false, "index": [0, 0]}
			],
			"time": "1458"
		},
		{"name": "Jeremias Conner", "class": "4P", "order": [{"done": false, "index": [0, 0]}], "time": "1244"},
		{
			"name": "Aliana Larson",
			"class": "3N",
			"order": [
				{"done": false, "index": [2, 0]},
				{"done": false, "index": [1, 3]},
				{"done": false, "index": [1, 2]}
			],
			"time": "1044"
		},
		{"name": "Parker Herring", "class": "2O", "order": [{"done": false, "index": [1, 0]}], "time": "1334"},
		{
			"name": "Kairo Mills",
			"class": "4P",
			"order": [
				{"done": false, "index": [0, 0]},
				{"done": false, "index": [0, 3]},
				{"done": false, "index": [2, 1]},
				{"done": false, "index": [0, 0]},
				{"done": false, "index": [0, 1]},
				{"done": false, "index": [1, 3]}
			],
			"time": "1135"
		},
		{
			"name": "Margo Pacheco",
			"class": "2L",
			"order": [
				{"done": false, "index": [1, 1]},
				{"done": false, "index": [2, 0]},
				{"done": false, "index": [0, 0]},
				{"done": false, "index": [1, 1]},
				{"done": false, "index": [0, 3]},
				{"done": false, "index": [0, 1]}
			],
			"time": "1334"
		},
		{
			"name": "Angelica Hopkins",
			"class": "1H",
			"order": [
				{"done": true, "index": [1, 3]},
				{"done": true, "index": [2, 3]},
				{"done": true, "index": [2, 2]},
				{"done": true, "index": [1, 0]}
			],
			"time": "1357"
		},
		{
			"name": "Teagan Escobar",
			"class": "3P",
			"order": [
				{"done": false, "index": [0, 0]},
				{"done": false, "index": [2, 2]}
			],
			"time": "1345"
		},
		{
			"name": "Henrik West",
			"class": "2G",
			"order": [
				{"done": false, "index": [2, 0]},
				{"done": false, "index": [2, 1]},
				{"done": false, "index": [2, 0]},
				{"done": false, "index": [1, 0]}
			],
			"time": "1413"
		},
		{
			"name": "Angelica Hopkins",
			"class": "4D",
			"order": [
				{"done": false, "index": [2, 3]},
				{"done": false, "index": [0, 0]},
				{"done": false, "index": [0, 3]},
				{"done": false, "index": [2, 1]},
				{"done": false, "index": [0, 3]}
			],
			"time": "1125"
		},
		{
			"name": "Rayne Dunn",
			"class": "PA",
			"order": [
				{"done": false, "index": [2, 3]},
				{"done": false, "index": [2, 3]},
				{"done": false, "index": [1, 0]},
				{"done": false, "index": [2, 2]},
				{"done": false, "index": [0, 1]}
			],
			"time": "1414"
		},
		{
			"name": "Katie Mills",
			"class": "3M",
			"order": [
				{"done": false, "index": [2, 3]},
				{"done": false, "index": [2, 2]},
				{"done": false, "index": [1, 0]},
				{"done": false, "index": [1, 2]}
			],
			"time": "1141"
		},
		{
			"name": "Dawson Dickson",
			"class": "1P",
			"order": [
				{"done": false, "index": [2, 2]},
				{"done": false, "index": [1, 1]},
				{"done": false, "index": [0, 2]},
				{"done": false, "index": [1, 2]},
				{"done": false, "index": [0, 3]},
				{"done": false, "index": [2, 2]}
			],
			"time": "1352"
		},
		{
			"name": "Lorenzo Jimenez",
			"class": "5I",
			"order": [
				{"done": false, "index": [2, 2]},
				{"done": false, "index": [2, 0]},
				{"done": false, "index": [2, 3]},
				{"done": false, "index": [1, 1]},
				{"done": false, "index": [2, 2]},
				{"done": false, "index": [1, 2]}
			],
			"time": "1228"
		},
		{
			"name": "Macie Blake",
			"class": "2C",
			"order": [
				{"done": false, "index": [2, 1]},
				{"done": false, "index": [0, 1]},
				{"done": false, "index": [0, 3]}
			],
			"time": "1245"
		},
		{
			"name": "Zachariah Shah",
			"class": "2G",
			"order": [
				{"done": false, "index": [2, 3]},
				{"done": false, "index": [1, 0]},
				{"done": false, "index": [0, 3]},
				{"done": false, "index": [0, 2]},
				{"done": false, "index": [2, 1]},
				{"done": false, "index": [2, 2]}
			],
			"time": "1141"
		},
		{"name": "Anne Nunez", "class": "2A", "order": [{"done": false, "index": [2, 2]}], "time": "1459"},
		{
			"name": "Jaylah Sullivan",
			"class": "4O",
			"order": [
				{"done": false, "index": [0, 2]},
				{"done": false, "index": [2, 2]},
				{"done": false, "index": [1, 3]},
				{"done": false, "index": [2, 1]},
				{"done": false, "index": [0, 2]},
				{"done": false, "index": [1, 1]}
			],
			"time": "1032"
		},
		{
			"name": "Everest Robles",
			"class": "3D",
			"order": [
				{"done": false, "index": [0, 3]},
				{"done": false, "index": [1, 2]},
				{"done": false, "index": [2, 3]},
				{"done": false, "index": [1, 2]}
			],
			"time": "1340"
		},
		{
			"name": "Presley Clarke",
			"class": "Teacher",
			"order": [
				{"done": false, "index": [2, 2]},
				{"done": false, "index": [2, 0]},
				{"done": false, "index": [1, 3]},
				{"done": false, "index": [1, 0]},
				{"done": false, "index": [1, 0]},
				{"done": false, "index": [1, 2]}
			],
			"time": "1428"
		},
		{
			"name": "Jaliyah Hardy",
			"class": "1M",
			"order": [
				{"done": false, "index": [0, 3]},
				{"done": false, "index": [0, 0]},
				{"done": false, "index": [1, 3]},
				{"done": false, "index": [0, 1]},
				{"done": false, "index": [0, 1]},
				{"done": false, "index": [1, 0]}
			],
			"time": "1249"
		},
		{
			"name": "Danielle Guerrero",
			"class": "2J",
			"order": [
				{"done": false, "index": [1, 3]},
				{"done": false, "index": [0, 1]},
				{"done": false, "index": [1, 0]},
				{"done": false, "index": [2, 1]},
				{"done": false, "index": [1, 3]},
				{"done": false, "index": [0, 2]}
			],
			"time": "1457"
		},
		{
			"name": "Matias Arroyo",
			"class": "3M",
			"order": [
				{"done": false, "index": [2, 1]},
				{"done": false, "index": [0, 3]},
				{"done": false, "index": [1, 3]},
				{"done": false, "index": [2, 3]},
				{"done": false, "index": [0, 1]},
				{"done": false, "index": [0, 0]}
			],
			"time": "1241"
		},
		{
			"name": "Charli Garrett",
			"class": "5N",
			"order": [
				{"done": false, "index": [1, 0]},
				{"done": false, "index": [0, 3]},
				{"done": false, "index": [1, 3]},
				{"done": false, "index": [0, 3]},
				{"done": false, "index": [1, 3]},
				{"done": false, "index": [2, 3]}
			],
			"time": "1344"
		},
		{
			"name": "Everest Robles",
			"class": "1P",
			"order": [
				{"done": false, "index": [0, 3]},
				{"done": false, "index": [0, 3]},
				{"done": false, "index": [2, 0]},
				{"done": false, "index": [0, 0]},
				{"done": false, "index": [0, 2]},
				{"done": false, "index": [0, 0]}
			],
			"time": "1019"
		},
		{
			"name": "Leonardo Sellers",
			"class": "4M",
			"order": [
				{"done": false, "index": [1, 1]},
				{"done": false, "index": [2, 1]},
				{"done": false, "index": [1, 3]},
				{"done": false, "index": [2, 1]},
				{"done": false, "index": [2, 2]},
				{"done": false, "index": [2, 2]}
			],
			"time": "1031"
		},
		{
			"name": "Khloe Wolf",
			"class": "4O",
			"order": [
				{"done": false, "index": [0, 1]},
				{"done": false, "index": [0, 3]},
				{"done": false, "index": [1, 0]},
				{"done": false, "index": [2, 2]},
				{"done": false, "index": [0, 1]},
				{"done": false, "index": [1, 2]}
			],
			"time": "1435"
		},
		{
			"name": "Daphne Fernandez",
			"class": "1O",
			"order": [
				{"done": false, "index": [1, 1]},
				{"done": false, "index": [1, 1]},
				{"done": false, "index": [1, 2]},
				{"done": false, "index": [1, 2]}
			],
			"time": "1139"
		},
		{"name": "Orion Vu", "class": "Teacher", "order": [{"done": false, "index": [0, 0]}], "time": "1548"},
		{
			"name": "Jaycee Ellis",
			"class": "4D",
			"order": [
				{"done": false, "index": [0, 0]},
				{"done": false, "index": [0, 2]},
				{"done": false, "index": [1, 2]},
				{"done": false, "index": [1, 1]}
			],
			"time": "1224"
		},
		{
			"name": "Elsie Quintana",
			"class": "2B",
			"order": [
				{"done": false, "index": [0, 0]},
				{"done": false, "index": [1, 1]},
				{"done": false, "index": [1, 1]},
				{"done": false, "index": [1, 3]},
				{"done": false, "index": [1, 3]}
			],
			"time": "1239"
		},
		{
			"name": "Hassan Dunlap",
			"class": "1C",
			"order": [
				{"done": false, "index": [0, 3]},
				{"done": false, "index": [0, 0]},
				{"done": false, "index": [0, 3]}
			],
			"time": "1125"
		},
		{
			"name": "Reid Garrison",
			"class": "Teacher",
			"order": [
				{"done": false, "index": [1, 1]},
				{"done": false, "index": [0, 3]},
				{"done": false, "index": [0, 0]},
				{"done": false, "index": [0, 1]}
			],
			"time": "1055"
		},
		{
			"name": "Emmaline Johnston",
			"class": "5K",
			"order": [
				{"done": false, "index": [2, 3]},
				{"done": false, "index": [1, 3]},
				{"done": false, "index": [1, 3]},
				{"done": false, "index": [2, 2]},
				{"done": false, "index": [2, 3]}
			],
			"time": "1536"
		},
		{
			"name": "Angelica Hopkins",
			"class": "1N",
			"order": [
				{"done": false, "index": [1, 3]},
				{"done": false, "index": [2, 1]},
				{"done": false, "index": [0, 2]},
				{"done": false, "index": [0, 0]},
				{"done": false, "index": [0, 3]},
				{"done": false, "index": [1, 0]}
			],
			"time": "1037"
		},
		{
			"name": "Charli Delarosa",
			"class": "1A",
			"order": [
				{"done": false, "index": [1, 2]},
				{"done": false, "index": [1, 1]},
				{"done": false, "index": [1, 1]},
				{"done": false, "index": [0, 1]},
				{"done": false, "index": [2, 2]}
			],
			"time": "1240"
		},
		{
			"name": "Teagan Escobar",
			"class": "3M",
			"order": [
				{"done": false, "index": [0, 2]},
				{"done": false, "index": [2, 2]},
				{"done": false, "index": [2, 0]},
				{"done": false, "index": [2, 1]}
			],
			"time": "1143"
		},
		{
			"name": "Angelica Hopkins",
			"class": "5G",
			"order": [
				{"done": false, "index": [1, 1]},
				{"done": false, "index": [0, 0]},
				{"done": false, "index": [1, 3]}
			],
			"time": "1555"
		},
		{
			"name": "Kody Bryant",
			"class": "5B",
			"order": [
				{"done": false, "index": [1, 3]},
				{"done": false, "index": [1, 3]},
				{"done": false, "index": [0, 1]},
				{"done": false, "index": [2, 1]},
				{"done": false, "index": [1, 2]}
			],
			"time": "1354"
		},
		{
			"name": "Damir Donaldson",
			"class": "5M",
			"order": [
				{"done": false, "index": [2, 3]},
				{"done": false, "index": [0, 1]},
				{"done": false, "index": [1, 0]},
				{"done": false, "index": [0, 1]}
			],
			"time": "1443"
		},
		{
			"name": "Kelly Pugh",
			"class": "PA",
			"order": [
				{"done": false, "index": [2, 2]},
				{"done": false, "index": [2, 2]}
			],
			"time": "1524"
		},
		{
			"name": "Kristopher Beasley",
			"class": "2L",
			"order": [
				{"done": false, "index": [0, 3]},
				{"done": false, "index": [0, 0]}
			],
			"time": "1330"
		},
		{
			"name": "Noriah",
			"class": "Teacher",
			"order": [
				{"done": false, "index": ["0", "0"]},
				{"done": false, "index": ["0", "3"]},
				{"done": false, "index": ["0", "3"]}
			],
			"time": "0056"
		},
		{"name": "Jaynerson", "class": "2A", "order": [{"done": false, "index": ["2", "5"]}], "time": "0729", "paid": true},
		{"name": "Allyson Yot", "class": "2A", "order": [{"done": false, "index": ["2", "5"]}], "time": "0729", "paid": true}
	]
}
