{
	"orders": [
		{
			"name": "Noriah",
			"class": "Teacher",
			"order": [
				{"done": false, "index": ["0", "0"]},
				{"done": false, "index": ["1", "2"]},
				{"done": false, "index": ["0", "3"]}
			],
			"time": "0056"
		},
		{"name": "Jaynerson", "class": "2A", "order": [{"done": false, "index": ["2", "5"]}], "time": "0729", "paid": true},
		{"name": "Allyson Yot", "class": "2A", "order": [{"done": false, "index": ["2", "5"]}], "time": "0729", "paid": true},
		{
			"name": "Allyson Yot",
			"class": "2A",
			"order": [
				{"done": true, "index": ["1", "0"]},
				{"done": true, "index": ["1", "0"]}
			],
			"time": "0859"
		},
		{"name": "Jaynerson", "class": "2A", "order": [{"done": false, "index": ["1", "2"]}], "time": "0900", "paid": true},
		{"name": "staff", "class": "Staff", "order": [{"done": false, "index": ["0", "0"]}], "time": "091"},
		{
			"name": "Anselm Wong",
			"class": "2A",
			"order": [
				{"done": false, "index": ["2", "4"]},
				{"done": false, "index": ["1", "7"]},
				{"done": false, "index": ["1", "5"]},
				{"done": false, "index": ["0", "0"]}
			],
			"time": "0936",
			"paid": true
		},
		{
			"name": "Allyson Yot",
			"class": "2A",
			"order": [
				{"done": false, "index": ["1", "3"]},
				{"done": false, "index": ["0", "2"]}
			],
			"time": "0950",
			"paid": true
		},
		{"name": "Anselm Wong", "class": "2A", "order": [{"done": false, "index": ["0", "0"]}], "time": "0952"},
		{"name": "Allyson Yot", "class": "2A", "order": [{"done": false, "index": ["0", "4"]}], "time": "0954", "paid": true},
		{
			"name": "Allyson Yot",
			"class": "2A",
			"order": [
				{"done": false, "index": ["1", "4"]},
				{"done": false, "index": ["0", "0"]}
			],
			"time": "0956",
			"paid": true
		},
		{
			"name": "Benny",
			"class": "3A",
			"order": [
				{"done": false, "index": ["2", "6"]},
				{"done": false, "index": ["2", "6"]},
				{"done": false, "index": ["2", "6"]},
				{"done": false, "index": ["2", "6"]},
				{"done": false, "index": ["2", "4"]},
				{"done": false, "index": ["2", "4"]},
				{"done": false, "index": ["2", "4"]},
				{"done": false, "index": ["2", "5"]},
				{"done": false, "index": ["2", "7"]},
				{"done": false, "index": ["2", "7"]},
				{"done": false, "index": ["2", "3"]},
				{"done": false, "index": ["2", "3"]},
				{"done": false, "index": ["2", "3"]},
				{"done": false, "index": ["2", "2"]},
				{"done": false, "index": ["2", "2"]},
				{"done": false, "index": ["1", "7"]},
				{"done": false, "index": ["1", "7"]},
				{"done": false, "index": ["1", "7"]}
			],
			"time": "1001"
		},
		{
			"name": "Allyson Yot",
			"class": "2A",
			"order": [
				{"done": false, "index": ["2", "2"]},
				{"done": false, "index": ["1", "0"]}
			],
			"time": "1044"
		},
		{
			"name": "Anselm Wong",
			"class": "2A",
			"order": [
				{"done": false, "index": ["2", "0"]},
				{"done": false, "index": ["1", "2"]}
			],
			"time": "1046",
			"paid": true
		},
		{"name": "Anselm Wong", "class": "2A", "order": [{"done": false, "index": ["0", "1"]}], "time": "1049", "paid": true},
		{"name": "Jaynerson", "class": "2A", "order": [{"done": false, "index": ["1", "2"]}], "time": "1106"},
		{
			"name": "Anselm Wong",
			"class": "2A",
			"order": [
				{"done": true, "index": ["0", "0"]},
				{"done": true, "index": ["2", "1"]}
			],
			"time": "1112",
			"paid": true
		},
		{"name": "Jaynerson", "class": "2A", "order": [{"done": false, "index": ["2", "1"]}], "time": "1125", "paid": true},
		{"name": "Anselm Wong", "class": "2A", "order": [{"done": false, "index": ["1", "0"]}], "time": "1146", "paid": true},
		{"name": "Jaynerson", "class": "2A", "order": [{"done": false, "index": ["0", "0"]}], "time": "1151", "paid": true},
		{"name": "Jaynerson", "class": "2A", "order": [{"done": false, "index": ["0", "0"]}], "time": "1158"},
		{
			"name": "Anselm Wong",
			"class": "2A",
			"order": [
				{"done": false, "index": ["0", "2"]},
				{"done": false, "index": ["1", "2"]},
				{"done": false, "index": ["2", "0"]}
			],
			"time": "1206",
			"paid": true
		},
		{
			"name": "Anselm Wong",
			"class": "2A",
			"order": [
				{"done": false, "index": ["1", "5"]},
				{"done": false, "index": ["2", "7"]}
			],
			"time": "1211",
			"paid": true
		},
		{"name": "Anselm Wong", "class": "2A", "order": [{"done": false, "index": ["1", "2"]}], "time": "1232", "paid": true},
		{
			"name": "staff",
			"class": "Staff",
			"order": [
				{"done": false, "index": ["2", "0"]},
				{"done": false, "index": ["2", "0"]},
				{"done": false, "index": ["2", "0"]},
				{"done": false, "index": ["2", "1"]}
			],
			"time": "203"
		},
		{
			"name": "staff",
			"class": "Staff",
			"order": [
				{"done": false, "index": ["1", "6"]},
				{"done": false, "index": ["1", "6"]},
				{"done": false, "index": ["1", "4"]}
			],
			"time": "0238"
		}
	]
}
