{"users":[{"username":"admin","password":"123","class":"Admin","money":0},{"username":"staff","password":"123","class":"Staff","money":0},{"username":"staff","password":"123","class":"Staff","money":0},{"username":"Jaynerson","password":"123","uid":["115","81","17","46"],"money":309,"fingerprint":1,"class":"2A"},{"username":"Anselm Wong","password":"123","uid":["33","121","34","38"],"money":1140,"fingerprint":2,"class":"2A"},{"username":"Allyson Yot","password":"123","class":"2A","uid":["99","128","4","46"],"money":300,"fingerprint":3},{"username":"Benny","password":"123","class":"3A","uid":["33","93","165","38"],"money":1000,"fingerprint":4}]}